Source_Code,Target_Code,Category,Weight
S001,S040,forward_supply,66583.84
S001,S024,forward_supply,68781.82
S001,S043,forward_supply,26090.16
S001,S031,forward_supply,56367.49
S002,S026,forward_supply,30277.89
S002,S034,forward_supply,3727.93
S002,S044,forward_supply,11178.75
S003,S032,forward_supply,525353.84
S003,S036,forward_supply,21354.99
S003,S038,forward_supply,102573.77
S003,S033,forward_supply,180754.06
S003,S027,forward_supply,18510.72
S004,S044,forward_supply,95881.61
S004,S038,forward_supply,56975.07
S004,S030,forward_supply,29717.93
S004,S023,forward_supply,53159.95
S004,S026,forward_supply,133639.16
S005,S034,forward_supply,60479.77
S005,S027,forward_supply,26921.82
S005,S037,forward_supply,124246.31
S006,S027,forward_supply,41776.15
S006,S026,forward_supply,66640.5
S006,S025,forward_supply,40254.98
S007,S021,forward_supply,55096.15
S007,S022,forward_supply,31394.05
S007,S039,forward_supply,93764.01
S008,S026,forward_supply,76089.13
S008,S038,forward_supply,42955.67
S008,S025,forward_supply,33935.64
S008,S040,forward_supply,94695.31
S008,S043,forward_supply,32582.78
S009,S027,forward_supply,24822.54
S009,S034,forward_supply,165625.4
S009,S032,forward_supply,131511.45
S009,S021,forward_supply,83387.47
S010,S036,forward_supply,25308.46
S010,S038,forward_supply,32386.51
S010,S039,forward_supply,52240.37
S011,S026,forward_supply,43196.37
S011,S027,forward_supply,27725.36
S011,S021,forward_supply,42439.22
S012,S038,forward_supply,16606.89
S012,S041,forward_supply,115271.23
S012,S034,forward_supply,38857.8
S012,S024,forward_supply,9364.11
S012,S027,forward_supply,23863.35
S012,S039,forward_supply,61110.53
S013,S025,forward_supply,56907.92
S013,S024,forward_supply,32742.13
S013,S031,forward_supply,16691.73
S013,S033,forward_supply,92086.63
S013,S028,forward_supply,34548.61
S013,S027,forward_supply,55531.02
S014,S022,forward_supply,34219.38
S014,S027,forward_supply,17115.47
S014,S033,forward_supply,350433.91
S015,S040,forward_supply,130344.62
S015,S031,forward_supply,23006.64
S015,S041,forward_supply,187692.04
S016,S022,forward_supply,53103.44
S016,S028,forward_supply,26502.76
S016,S025,forward_supply,42314.91
S017,S042,forward_supply,18685.91
S017,S022,forward_supply,22922.58
S017,S031,forward_supply,75340.77
S017,S023,forward_supply,49697.12
S017,S033,forward_supply,225227.67
S018,S025,forward_supply,13832.8
S018,S038,forward_supply,117854.17
S018,S031,forward_supply,38099.6
S018,S024,forward_supply,40582.95
S019,S038,forward_supply,15710.86
S019,S032,forward_supply,102076.55
S019,S042,forward_supply,150074.85
S020,S021,forward_supply,83802.39
S020,S034,forward_supply,20831.25
S020,S044,forward_supply,5707.89
S021,S064,forward_supply,149848.74
S021,S047,forward_supply,31194.06
S021,S050,forward_supply,330223.18
S021,S061,forward_supply,32676.93
S021,S056,forward_supply,37850.94
S022,S057,forward_supply,39542.36
S022,S048,forward_supply,115305.62
S022,S059,forward_supply,29256.69
S023,S053,forward_supply,53365.8
S023,S045,forward_supply,64481.39
S023,S060,forward_supply,48306.06
S024,S062,forward_supply,74178.49
S024,S061,forward_supply,116627.16
S024,S053,forward_supply,24324.99
S024,S052,forward_supply,36543.25
S025,S046,forward_supply,23104.02
S025,S049,forward_supply,12274.04
S025,S060,forward_supply,56450.73
S025,S062,forward_supply,24771.51
S025,S045,forward_supply,15839.31
S026,S048,forward_supply,24958.82
S026,S051,forward_supply,115632.61
S026,S058,forward_supply,118315.95
S026,S047,forward_supply,188606.29
S026,S050,forward_supply,100966.63
S026,S052,forward_supply,63951.13
S027,S064,forward_supply,80023.61
S027,S048,forward_supply,76500.6
S027,S047,forward_supply,107046.66
S027,S060,forward_supply,19670.19
S027,S054,forward_supply,83214.96
S027,S059,forward_supply,46600.24
S028,S061,forward_supply,61074.07
S028,S063,forward_supply,3310.81
S028,S047,forward_supply,3432.07
S029,S056,forward_supply,118399.95
S029,S047,forward_supply,109037.94
S029,S059,forward_supply,209965.6
S029,S054,forward_supply,99317.09
S030,S053,forward_supply,340743.87
S030,S051,forward_supply,27044.16
S030,S052,forward_supply,31258.51
S030,S059,forward_supply,127966.37
S030,S047,forward_supply,186954.76
S030,S061,forward_supply,12748.37
S031,S049,forward_supply,11689.22
S031,S062,forward_supply,158239.08
S031,S051,forward_supply,14240.41
S031,S055,forward_supply,16984.31
S032,S057,forward_supply,20761.44
S032,S049,forward_supply,99013.03
S032,S047,forward_supply,16631.61
S032,S062,forward_supply,15551.79
S032,S059,forward_supply,25290.42
S033,S048,forward_supply,19598.84
S033,S055,forward_supply,13893.32
S033,S049,forward_supply,161625.56
S033,S052,forward_supply,79023.0
S033,S056,forward_supply,98930.3
S033,S053,forward_supply,48238.42
S034,S057,forward_supply,77658.06
S034,S063,forward_supply,29216.56
S034,S064,forward_supply,119572.99
S035,S064,forward_supply,31660.98
S035,S063,forward_supply,74646.28
S035,S055,forward_supply,104148.77
S035,S061,forward_supply,289810.91
S035,S051,forward_supply,167914.21
S035,S058,forward_supply,55630.64
S036,S059,forward_supply,44604.51
S036,S058,forward_supply,99710.77
S036,S046,forward_supply,223056.18
S037,S050,forward_supply,17510.28
S037,S056,forward_supply,50118.03
S037,S051,forward_supply,135612.61
S038,S047,forward_supply,21401.45
S038,S050,forward_supply,17277.11
S038,S053,forward_supply,16624.27
S038,S064,forward_supply,150770.78
S038,S061,forward_supply,40028.57
S038,S049,forward_supply,105426.17
S039,S050,forward_supply,29808.15
S039,S051,forward_supply,365175.32
S039,S064,forward_supply,7766.98
S039,S046,forward_supply,20525.27
S040,S061,forward_supply,33042.36
S040,S048,forward_supply,51564.37
S040,S049,forward_supply,12483.12
S040,S063,forward_supply,30640.24
S040,S062,forward_supply,88508.41
S041,S051,forward_supply,79373.03
S041,S058,forward_supply,533040.72
S041,S048,forward_supply,53815.0
S041,S049,forward_supply,980357.31
S042,S056,forward_supply,10909.48
S042,S049,forward_supply,8811.3
S042,S057,forward_supply,6850.03
S042,S053,forward_supply,13855.98
S043,S062,forward_supply,24301.11
S043,S060,forward_supply,6877.17
S043,S063,forward_supply,31059.63
S044,S064,forward_supply,17232.33
S044,S059,forward_supply,108522.36
S044,S049,forward_supply,38493.03
S044,S050,forward_supply,24654.04
S044,S060,forward_supply,23664.34
S044,S046,forward_supply,32926.81
S045,S065,forward_supply,24870.31
S045,S078,forward_supply,64648.69
S045,S077,forward_supply,55554.35
S045,S073,forward_supply,226784.35
S045,S068,forward_supply,93858.22
S045,S072,forward_supply,36228.97
S046,S078,forward_supply,31882.68
S046,S069,forward_supply,79177.22
S046,S076,forward_supply,170850.51
S046,S075,forward_supply,22698.13
S046,S066,forward_supply,102804.52
S047,S075,forward_supply,42512.91
S047,S071,forward_supply,25575.09
S047,S065,forward_supply,30084.75
S047,S067,forward_supply,389540.88
S047,S072,forward_supply,16792.83
S047,S077,forward_supply,194967.97
S048,S070,forward_supply,16989.26
S048,S068,forward_supply,41699.33
S048,S074,forward_supply,102969.84
S049,S069,forward_supply,45383.37
S049,S077,forward_supply,43716.12
S049,S078,forward_supply,10668.26
S049,S075,forward_supply,24482.69
S049,S073,forward_supply,60635.79
S049,S074,forward_supply,21190.01
S050,S070,forward_supply,85765.43
S050,S074,forward_supply,31552.98
S050,S078,forward_supply,70388.18
S050,S075,forward_supply,106229.51
S050,S065,forward_supply,72951.4
S050,S069,forward_supply,319879.25
S051,S076,forward_supply,16733.28
S051,S071,forward_supply,29971.64
S051,S077,forward_supply,65086.91
S051,S078,forward_supply,13828.15
S051,S067,forward_supply,37944.16
S052,S073,forward_supply,23357.12
S052,S076,forward_supply,100715.45
S052,S069,forward_supply,40019.56
S053,S065,forward_supply,38309.6
S053,S066,forward_supply,25750.26
S053,S074,forward_supply,15852.1
S053,S075,forward_supply,53663.23
S054,S076,forward_supply,195149.02
S054,S069,forward_supply,14078.6
S054,S072,forward_supply,38094.37
S054,S070,forward_supply,82988.51
S054,S066,forward_supply,19059.0
S055,S069,forward_supply,60554.2
S055,S073,forward_supply,37919.95
S055,S075,forward_supply,38522.31
S056,S069,forward_supply,92995.44
S056,S066,forward_supply,205768.33
S056,S068,forward_supply,30654.63
S056,S076,forward_supply,12214.07
S056,S071,forward_supply,113107.16
S057,S074,forward_supply,44885.21
S057,S068,forward_supply,50128.88
S057,S073,forward_supply,46545.38
S058,S069,forward_supply,6523.19
S058,S077,forward_supply,29397.16
S058,S068,forward_supply,10658.22
S058,S074,forward_supply,20453.48
S058,S073,forward_supply,1432.37
S058,S072,forward_supply,16288.54
S059,S066,forward_supply,122796.34
S059,S069,forward_supply,7851.33
S059,S068,forward_supply,159967.5
S059,S071,forward_supply,51817.46
S060,S077,forward_supply,107669.51
S060,S066,forward_supply,80502.41
S060,S078,forward_supply,471136.83
S060,S071,forward_supply,10584.01
S060,S068,forward_supply,94880.39
S061,S073,forward_supply,60375.91
S061,S076,forward_supply,51478.08
S061,S065,forward_supply,21787.58
S061,S075,forward_supply,5232.59
S061,S077,forward_supply,8396.05
S062,S072,forward_supply,536464.06
S062,S066,forward_supply,68759.6
S062,S076,forward_supply,74057.75
S062,S068,forward_supply,482521.33
S062,S067,forward_supply,95154.93
S062,S077,forward_supply,33426.47
S063,S071,forward_supply,29642.95
S063,S068,forward_supply,16239.08
S063,S070,forward_supply,78682.69
S063,S066,forward_supply,494421.46
S063,S069,forward_supply,109983.7
S064,S070,forward_supply,40907.73
S064,S078,forward_supply,196513.04
S064,S065,forward_supply,26750.61
S064,S071,forward_supply,8326.4
S064,S072,forward_supply,67310.03
S065,S087,forward_supply,12663.92
S065,S081,forward_supply,22079.2
S065,S090,forward_supply,14197.08
S066,S088,forward_supply,16623.39
S066,S090,forward_supply,91662.95
S066,S080,forward_supply,24883.17
S066,S087,forward_supply,72502.49
S067,S083,forward_supply,36419.23
S067,S084,forward_supply,29659.11
S067,S082,forward_supply,108652.52
S067,S090,forward_supply,22944.44
S067,S089,forward_supply,16151.95
S068,S079,forward_supply,115049.7
S068,S084,forward_supply,18279.42
S068,S080,forward_supply,58194.58
S068,S085,forward_supply,344497.29
S068,S088,forward_supply,17538.08
S069,S084,forward_supply,49739.96
S069,S085,forward_supply,14592.09
S069,S080,forward_supply,34344.17
S070,S082,forward_supply,50435.87
S070,S083,forward_supply,81840.06
S070,S081,forward_supply,9620.54
S070,S087,forward_supply,31516.35
S070,S088,forward_supply,31070.43
S071,S083,forward_supply,158334.55
S071,S087,forward_supply,6461.57
S071,S088,forward_supply,33928.88
S071,S086,forward_supply,64844.43
S072,S080,forward_supply,15818.71
S072,S084,forward_supply,37927.41
S072,S083,forward_supply,26055.48
S072,S082,forward_supply,33603.3
S073,S085,forward_supply,94896.0
S073,S087,forward_supply,44740.39
S073,S084,forward_supply,58103.34
S074,S087,forward_supply,31578.34
S074,S081,forward_supply,49537.16
S074,S080,forward_supply,129302.12
S074,S085,forward_supply,9775.73
S075,S089,forward_supply,96938.54
S075,S085,forward_supply,69970.71
S075,S080,forward_supply,32501.86
S075,S090,forward_supply,164047.68
S075,S082,forward_supply,13532.84
S076,S082,forward_supply,19480.93
S076,S079,forward_supply,42062.14
S076,S086,forward_supply,94757.24
S076,S083,forward_supply,14396.56
S076,S080,forward_supply,86580.38
S077,S090,forward_supply,13032.19
S077,S081,forward_supply,15511.8
S077,S083,forward_supply,27375.86
S077,S086,forward_supply,15421.87
S077,S082,forward_supply,59208.67
S078,S086,forward_supply,237006.02
S078,S088,forward_supply,14696.33
S078,S082,forward_supply,56452.86
S078,S080,forward_supply,174733.98
S065,S079,battery_to_ev,703521.32
S065,S080,battery_to_application,39069.0
S065,S082,battery_to_application,60281.82
S065,S083,battery_to_application,20577.44
S065,S084,battery_to_application,29060.54
S065,S085,battery_to_application,195051.17
S065,S086,battery_to_application,300500.73
S065,S088,battery_to_application,256957.35
S065,S089,battery_to_application,31815.25
S065,S054,battery_to_component,32805.52
S065,S055,battery_to_component,26673.26
S065,S052,battery_to_component,12909.31
S065,S062,battery_to_component,13891.81
S065,S060,battery_to_component,9600.03
S065,S051,battery_to_component,87162.85
S091,S038,recycling_loop,2481.29
S091,S029,recycling_loop,15285.15
S092,S036,recycling_loop,7271.92
S092,S029,recycling_loop,37012.03
S092,S028,recycling_loop,22870.99
S093,S022,recycling_loop,22386.68
S093,S029,recycling_loop,42613.13
S094,S033,recycling_loop,108201.48
S094,S044,recycling_loop,15347.22
S095,S023,recycling_loop,10264.58
S095,S024,recycling_loop,48239.97
S095,S033,recycling_loop,8852.61
S095,S035,recycling_loop,8171.52
S096,S021,recycling_loop,40902.14
S096,S022,recycling_loop,48650.14
S097,S041,recycling_loop,19511.47
S097,S023,recycling_loop,12162.01
S098,S026,recycling_loop,25126.8
S098,S029,recycling_loop,32920.8
S098,S024,recycling_loop,15781.81
S098,S039,recycling_loop,33787.0
S099,S023,recycling_loop,42248.94
S099,S025,recycling_loop,195325.92
S099,S034,recycling_loop,25722.01
S099,S028,recycling_loop,34762.47
S100,S028,recycling_loop,31754.18
S100,S023,recycling_loop,16864.22
S100,S039,recycling_loop,2245.92
S101,S034,recycling_loop,12808.87
S101,S024,recycling_loop,39112.28
S102,S039,recycling_loop,35720.78
S102,S032,recycling_loop,12832.63
S103,S033,recycling_loop,11999.67
S103,S044,recycling_loop,12278.62
S103,S035,recycling_loop,8919.58
S103,S042,recycling_loop,23226.1
S104,S023,recycling_loop,23581.94
S104,S041,recycling_loop,10783.48
S104,S031,recycling_loop,5718.26
S105,S036,recycling_loop,20094.18
S105,S021,recycling_loop,9226.38
S106,S028,recycling_loop,7101.35
S106,S043,recycling_loop,12982.85
S079,S094,end_of_life_return,47252.09
S079,S093,end_of_life_return,25130.63
S085,S094,end_of_life_return,127865.66
S085,S093,end_of_life_return,46753.19
S085,S104,end_of_life_return,6281.93
S088,S092,end_of_life_return,29664.41
S088,S103,end_of_life_return,43317.63
S083,S095,end_of_life_return,13721.24
S083,S100,end_of_life_return,100576.51
S083,S099,end_of_life_return,4857.64
S084,S105,end_of_life_return,133393.56
S084,S094,end_of_life_return,52775.77
S080,S101,end_of_life_return,7836.82
S080,S091,end_of_life_return,9093.21
S080,S098,end_of_life_return,22478.05
S090,S099,end_of_life_return,52550.19
S090,S103,end_of_life_return,65744.89
S081,S094,end_of_life_return,76516.64
S081,S093,end_of_life_return,85364.89
S086,S103,end_of_life_return,11924.34
S086,S091,end_of_life_return,12848.05
S086,S092,end_of_life_return,47557.58
S082,S106,end_of_life_return,66646.92
S082,S102,end_of_life_return,17085.27
S082,S096,end_of_life_return,34068.91
S087,S093,end_of_life_return,12314.39
S087,S104,end_of_life_return,14801.3
S087,S098,end_of_life_return,36415.39
S089,S098,end_of_life_return,9954.94
S089,S105,end_of_life_return,16649.55
S089,S104,end_of_life_return,39391.33
S067,S049,indirect,7255.0
S079,S050,indirect,2564.08
S062,S098,indirect,6223.45
S041,S015,indirect,41535.83
S058,S003,indirect,5447.4
S105,S086,indirect,2217.24
S054,S008,indirect,2966.7
S092,S086,indirect,29043.31
S033,S017,indirect,902.73
S106,S053,indirect,98700.92
S096,S036,indirect,9077.95
S001,S083,indirect,16393.86
S067,S075,indirect,23545.88
S004,S082,indirect,43949.87
S022,S106,indirect,4192.83
S085,S064,indirect,5924.55
S042,S022,indirect,3741.91
S017,S037,indirect,20852.29
S079,S014,indirect,31646.35
S093,S008,indirect,4249.63
S057,S084,indirect,13543.66
S023,S014,indirect,2702.48
S049,S096,indirect,7596.38
S070,S050,indirect,9092.93
S058,S020,indirect,2329.2
S008,S099,indirect,2287.71
S055,S072,indirect,4424.05
S007,S012,indirect,50579.06
S101,S010,indirect,17083.38
S036,S052,indirect,5915.25
S078,S007,indirect,2938.68
S084,S101,indirect,50511.54
S097,S025,indirect,3820.16
S067,S036,indirect,9584.63
S055,S102,indirect,7418.48
S105,S024,indirect,5106.25
S025,S053,indirect,6663.59
S019,S007,indirect,7012.11
S030,S044,indirect,12813.93
S093,S045,indirect,7289.75
S038,S003,indirect,9193.47
S106,S097,indirect,6142.23
S099,S076,indirect,10314.66
S022,S036,indirect,11264.63
S065,S027,indirect,24172.52
S072,S007,indirect,5632.33
S016,S024,indirect,22568.12
S100,S041,indirect,2816.65
S076,S057,indirect,4184.34
S083,S003,indirect,4509.01
S019,S030,indirect,9902.82
S029,S082,indirect,11997.92
S082,S041,indirect,11798.53
S076,S015,indirect,10899.38
S082,S001,indirect,11398.07
S052,S084,indirect,3833.55
S089,S021,indirect,7475.58
S078,S100,indirect,4995.11
S041,S010,indirect,8714.99
S094,S101,indirect,5639.5
S072,S055,indirect,13665.82
S053,S069,indirect,27019.07
S021,S017,indirect,15219.4
S094,S085,indirect,107716.48
S054,S065,indirect,19390.92
S083,S098,indirect,38919.44
S093,S105,indirect,3250.41
S049,S097,indirect,7466.21
S075,S093,indirect,18655.82
S085,S089,indirect,24964.51
S026,S062,indirect,5876.27
S023,S058,indirect,3836.16
S033,S100,indirect,9431.08
S089,S055,indirect,24481.01
S099,S033,indirect,10737.51
S022,S047,indirect,25756.61
S013,S093,indirect,3387.04
S044,S013,indirect,7892.0
S095,S026,indirect,36126.83
S045,S062,indirect,10955.66
S066,S026,indirect,1711.86
S058,S087,indirect,7423.94
S012,S071,indirect,1362.45
S063,S079,indirect,58834.28
S053,S103,indirect,6215.54
S022,S105,indirect,12185.79
S083,S106,indirect,11538.46
S064,S080,indirect,38753.39
S003,S030,indirect,33893.02
S100,S015,indirect,15251.7
S019,S088,indirect,14527.91
S090,S004,indirect,2085.71
S023,S049,indirect,7727.52
S070,S015,indirect,11478.86
S012,S025,indirect,15912.38
S106,S095,indirect,8378.5
S043,S084,indirect,9189.94
S009,S105,indirect,4657.9
S067,S019,indirect,26524.76
S048,S059,indirect,4842.68
S091,S053,indirect,10484.77
S101,S002,indirect,4237.71
S008,S029,indirect,8979.14
S070,S051,indirect,6909.07
S004,S055,indirect,44672.55
S100,S068,indirect,92163.6
S062,S056,indirect,10209.35
S086,S036,indirect,11035.24
S043,S094,indirect,8669.24
S044,S002,indirect,14493.92
S041,S003,indirect,6058.44
S016,S064,indirect,7506.65
S098,S088,indirect,24308.72
S006,S101,indirect,4241.81
S013,S063,indirect,3828.2
S095,S103,indirect,3449.02
S012,S051,indirect,10668.66
S042,S067,indirect,53147.21
S048,S026,indirect,2839.69
S072,S020,indirect,16360.85
S028,S085,indirect,26955.51
S050,S043,indirect,69576.75
S103,S104,indirect,14323.29
S017,S086,indirect,14704.27
S010,S016,indirect,2588.2
S088,S060,indirect,1390.01
S039,S093,indirect,51845.98
S035,S016,indirect,11008.92
S040,S095,indirect,5839.79
S091,S102,indirect,30947.37
S032,S100,indirect,33528.8
S014,S092,indirect,13071.55
S016,S012,indirect,10760.41
S037,S059,indirect,2140.27
S038,S075,indirect,47843.2
S015,S010,indirect,5764.98
S011,S033,indirect,9966.31
S077,S044,indirect,22003.68
S032,S011,indirect,11114.05
S052,S049,indirect,28338.18
S018,S099,indirect,1555.15
S093,S065,indirect,26044.84
S042,S071,indirect,35250.16
S098,S076,indirect,9225.19
S098,S032,indirect,3424.93
S087,S030,indirect,8821.11
S099,S103,indirect,4189.85
S057,S001,indirect,11044.36
S052,S028,indirect,39282.73
S078,S069,indirect,9420.62
S078,S099,indirect,31998.84
S054,S047,indirect,1348.62
S037,S099,indirect,17022.0
S078,S037,indirect,35148.94
S006,S007,indirect,9641.82
S075,S070,indirect,80529.6
S065,S005,indirect,16792.25
S018,S104,indirect,736.76
S098,S042,indirect,5383.8
S046,S021,indirect,1442.03
S044,S086,indirect,13843.71
S063,S038,indirect,9073.68
S068,S017,indirect,20955.68
S031,S095,indirect,7327.73
S074,S036,indirect,32063.74
S069,S038,indirect,6030.36
S090,S069,indirect,3852.2
S003,S042,indirect,18315.25
S094,S037,indirect,29959.28
S018,S093,indirect,3927.45
S043,S091,indirect,25229.38
S060,S049,indirect,2621.56
S045,S096,indirect,19766.74
S023,S091,indirect,5184.98
S098,S077,indirect,4331.42
S021,S088,indirect,7335.29
S050,S041,indirect,8379.68
S023,S005,indirect,175749.93
S037,S013,indirect,17700.01
S026,S105,indirect,6491.24
S100,S047,indirect,9233.77
S030,S101,indirect,4049.8
S037,S017,indirect,77164.75
S100,S060,indirect,10507.32
S030,S042,indirect,7182.83
S029,S039,indirect,14254.68
S062,S008,indirect,6216.6
S104,S106,indirect,81917.48
S034,S072,indirect,2973.4
S062,S037,indirect,8590.07
S105,S058,indirect,57169.04
S023,S083,indirect,3070.18
S048,S029,indirect,37275.77
S090,S007,indirect,6135.26
S033,S001,indirect,4935.44
S005,S018,indirect,35677.77
S016,S079,indirect,145957.42
S039,S011,indirect,6317.22
S069,S039,indirect,3390.96
S097,S098,indirect,38707.15
S078,S021,indirect,26027.59
S060,S007,indirect,48530.57
S053,S032,indirect,19203.93
S047,S044,indirect,4614.46
S005,S058,indirect,4607.38
S059,S032,indirect,2306.65
S055,S078,indirect,2321.62
S054,S016,indirect,22987.22
S013,S006,indirect,2296.51
S011,S069,indirect,7282.04
S106,S007,indirect,22331.8
S039,S098,indirect,13430.74
S021,S042,indirect,2122.12
S025,S039,indirect,22036.67
S034,S095,indirect,6975.43
S082,S100,indirect,2526.8
S031,S105,indirect,3248.13
S057,S043,indirect,3497.3
S027,S033,indirect,8288.88
S028,S103,indirect,5528.9
S062,S064,indirect,42270.09
S047,S041,indirect,3927.06
S085,S049,indirect,1520.4
S097,S057,indirect,19380.84
S076,S098,indirect,77006.61
S094,S074,indirect,54681.05
S008,S030,indirect,53606.34
S060,S106,indirect,9194.19
S067,S056,indirect,16118.63
S052,S012,indirect,5946.29
S078,S066,indirect,44168.87
S036,S027,indirect,13689.32
S077,S094,indirect,24299.56
S095,S012,indirect,9611.51
S079,S032,indirect,7267.9
S050,S045,indirect,5374.23
S070,S047,indirect,4958.34
S032,S074,indirect,11401.91
S066,S083,indirect,7358.0
S002,S016,indirect,70834.89
S022,S011,indirect,51588.62
S097,S071,indirect,27853.8
S042,S017,indirect,4465.09
S040,S001,indirect,5587.05
S039,S049,indirect,20972.87
S053,S013,indirect,14658.06
S029,S043,indirect,12927.52
S011,S031,indirect,6979.22
S010,S101,indirect,5880.36
S017,S044,indirect,7301.59
S067,S005,indirect,12733.86
S017,S065,indirect,6012.74
S015,S086,indirect,16209.36
S049,S086,indirect,28746.83
S093,S032,indirect,38986.73
S050,S100,indirect,13848.17
S006,S012,indirect,3221.68
S010,S006,indirect,13715.8
S073,S086,indirect,1698.23
S075,S032,indirect,27864.58
S071,S017,indirect,5068.06
S089,S039,indirect,11585.76
S087,S086,indirect,84815.15
S034,S055,indirect,12362.07
S076,S045,indirect,35310.27
S059,S002,indirect,4815.33
S059,S034,indirect,28727.09
S002,S013,indirect,10918.65
S068,S091,indirect,6577.18
S026,S067,indirect,7456.49
S077,S101,indirect,8051.68
S066,S086,indirect,7635.88
S098,S035,indirect,6216.63
S078,S057,indirect,6537.43
S089,S004,indirect,14491.77
S028,S026,indirect,13432.96
S026,S043,indirect,5216.84
S012,S026,indirect,8624.92
S058,S036,indirect,891.3
S046,S065,indirect,4852.35
S097,S087,indirect,1381.21
S001,S067,indirect,16946.84
S091,S012,indirect,8334.07
S068,S048,indirect,67785.72
S036,S096,indirect,11215.1
S100,S053,indirect,6345.65
S049,S047,indirect,8792.85
S088,S106,indirect,28514.81
S098,S065,indirect,29576.43
S094,S006,indirect,17000.63
S078,S061,indirect,17450.08
S085,S054,indirect,27086.3
S040,S006,indirect,1727.22
S096,S072,indirect,9775.24
S024,S069,indirect,9707.98
S034,S067,indirect,34588.88
S073,S048,indirect,4273.77
S082,S003,indirect,4981.72
S016,S052,indirect,5077.65
S062,S059,indirect,11916.43
S012,S015,indirect,3777.7
S051,S062,indirect,33620.87
S035,S085,indirect,21902.97
S004,S017,indirect,10164.79
S062,S018,indirect,26603.39
S069,S106,indirect,1666.09
S069,S057,indirect,3786.43
S055,S031,indirect,20682.12
S080,S041,indirect,33713.58
S028,S083,indirect,7123.46
S002,S076,indirect,39540.37
